{
  "languageModel": {
    "types": [
      {
        "name": "AMAZON.Food",
        "values": [
          {
            "id": null,
            "name": {
              "value": "burgers",
              "synonyms": []
            }
          },
          {
            "id": null,
            "name": {
              "value": "noodles",
              "synonyms": []
            }
          },
          {
            "id": null,
            "name": {
              "value": "beef",
              "synonyms": []
            }
          },
          {
            "id": null,
            "name": {
              "value": "pork",
              "synonyms": []
            }
          },
          {
            "id": null,
            "name": {
              "value": "chow mein",
              "synonyms": []
            }
          },
          {
            "id": null,
            "name": {
              "value": "beef noodle soup",
              "synonyms": []
            }
          },
          {
            "id": null,
            "name": {
              "value": "tacos",
              "synonyms": []
            }
          },
          {
            "id": null,
            "name": {
              "value": "al pastor",
              "synonyms": []
            }
          },
          {
            "id": null,
            "name": {
              "value": "chinese food",
              "synonyms": []
            }
          },
          {
            "id": null,
            "name": {
              "value": "mexican food",
              "synonyms": []
            }
          },
          {
            "id": null,
            "name": {
              "value": "italian food",
              "synonyms": []
            }
          }
        ]
      },
      {
        "name": "AMAZON.US_CITY",
        "values": [
          {
            "id": null,
            "name": {
              "value": "Rosemead California",
              "synonyms": []
            }
          }
        ]
      },
      {
        "name": "Food_Categories",
        "values": [
          {
            "id": null,
            "name": {
              "value": "vegan",
              "synonyms": [
                "vegetarian"
              ]
            }
          },
          {
            "id": null,
            "name": {
              "value": "vegetarian",
              "synonyms": [
                "vegan"
              ]
            }
          },
          {
            "id": null,
            "name": {
              "value": "gluten free",
              "synonyms": [
                "gluten-free"
              ]
            }
          },
          {
            "id": null,
            "name": {
              "value": "pescetarian",
              "synonyms": [
                "pescetarianism",
                "fish"
              ]
            }
          },
          {
            "id": null,
            "name": {
              "value": "none",
              "synonyms": [
                "i do not have any",
                "i don't have any",
                "nope",
                "no"
              ]
            }
          },
          {
            "id": null,
            "name": {
              "value": "lacto vegetarian",
              "synonyms": []
            }
          },
          {
            "id": null,
            "name": {
              "value": "ovo vegetarian",
              "synonyms": []
            }
          },
          {
            "id": null,
            "name": {
              "value": "non dairy",
              "synonyms": [
                "no milk",
                "no cheese"
              ]
            }
          }
        ]
      }
    ],
    "intents": [
      {
        "name": "AMAZON.CancelIntent",
        "samples": []
      },
      {
        "name": "AMAZON.HelpIntent",
        "samples": []
      },
      {
        "name": "AMAZON.StopIntent",
        "samples": []
      },
      {
        "name": "FoodRecommendationIntent",
        "samples": [
          "i'm hungry",
          "i am hungry",
          "i want to eat",
          "i want to eat {Food}",
          "{Food}"
        ],
        "slots": [
          {
            "name": "Food",
            "type": "AMAZON.Food",
            "samples": [
              "{Food}"
            ]
          },
          {
            "name": "Category",
            "type": "Food_Categories",
            "samples": [
              "{Category}"
            ]
          }
        ]
      },
      {
        "name": "GetLocationIntent",
        "samples": [
          "set location",
          "i want to set my location",
          "i would like to choose my location"
        ],
        "slots": [
          {
            "name": "Area",
            "type": "AMAZON.US_CITY",
            "samples": [
              "{Area}",
              "i am located in {Area}"
            ]
          }
        ]
      }
    ],
    "invocationName": "food finder"
  },
  "prompts": [
    {
      "id": "Elicit.Intent-FoodRecommendationIntent.IntentSlot-Food",
      "variations": [
        {
          "type": "PlainText",
          "value": "What did you want to eat?"
        }
      ]
    },
    {
      "id": "Elicit.Intent-FoodRecommendationIntent.IntentSlot-Category",
      "variations": [
        {
          "type": "PlainText",
          "value": "Do you have any dietary restrictions, If so, what are they? "
        }
      ]
    },
    {
      "id": "Elicit.Intent-GetLocationIntent.IntentSlot-Area",
      "variations": [
        {
          "type": "PlainText",
          "value": "where are you located?"
        },
        {
          "type": "PlainText",
          "value": "what area did you want to choose?"
        }
      ]
    }
  ],
  "dialog": {
    "intents": [
      {
        "name": "FoodRecommendationIntent",
        "confirmationRequired": false,
        "prompts": {},
        "slots": [
          {
            "name": "Food",
            "type": "AMAZON.Food",
            "elicitationRequired": true,
            "confirmationRequired": false,
            "prompts": {
              "elicitation": "Elicit.Intent-FoodRecommendationIntent.IntentSlot-Food"
            }
          },
          {
            "name": "Category",
            "type": "Food_Categories",
            "elicitationRequired": true,
            "confirmationRequired": false,
            "prompts": {
              "elicitation": "Elicit.Intent-FoodRecommendationIntent.IntentSlot-Category"
            }
          }
        ]
      },
      {
        "name": "GetLocationIntent",
        "confirmationRequired": false,
        "prompts": {},
        "slots": [
          {
            "name": "Area",
            "type": "AMAZON.US_CITY",
            "elicitationRequired": true,
            "confirmationRequired": false,
            "prompts": {
              "elicitation": "Elicit.Intent-GetLocationIntent.IntentSlot-Area"
            }
          }
        ]
      }
    ]
  }
}
